"REF_DATE","GEO","DGUID","North American Industry Classification System (NAICS)","Detailed sources of revenue, not-for-profit","UOM","UOM_ID","SCALAR_FACTOR","SCALAR_ID","VECTOR","COORDINATE","VALUE","STATUS","SYMBOL","TERMINATED","DECIMALS"
"2014","Canada","2016A000011124","Performing arts companies [7111]","Performance revenue","Dollars","81","thousands","3","v107579244","1.1.1","275244.1","","","","1"
"2014","Canada","2016A000011124","Performing arts companies [7111]","Other sales","Dollars","81","thousands","3","v107579245","1.1.2","61538.4","","","","1"
"2014","Canada","2016A000011124","Performing arts companies [7111]","Public sector","Dollars","81","thousands","3","v107579246","1.1.3","175650.0","","","","1"
"2014","Canada","2016A000011124","Performing arts companies [7111]","Private sector","Dollars","81","thousands","3","v107579247","1.1.4","156689.2","","","","1"
"2014","Canada","2016A000011124","Performing arts companies [7111]","Licensing of rights","Dollars","81","thousands","3","v107579248","1.1.5","1089.4","","","","1"
"2014","Canada","2016A000011124","Theatre (except musical) companies [711111]","Performance revenue","Dollars","81","thousands","3","v107579249","1.2.1","145912.7","","","","1"
"2014","Canada","2016A000011124","Theatre (except musical) companies [711111]","Other sales","Dollars","81","thousands","3","v107579250","1.2.2","31831.0","","","","1"
"2014","Canada","2016A000011124","Theatre (except musical) companies [711111]","Public sector","Dollars","81","thousands","3","v107579251","1.2.3","82017.8","","","","1"
"2014","Canada","2016A000011124","Theatre (except musical) companies [711111]","Private sector","Dollars","81","thousands","3","v107579252","1.2.4","53546.4","","","","1"
"2014","Canada","2016A000011124","Theatre (except musical) companies [711111]","Licensing of rights","Dollars","81","thousands","3","v107579253","1.2.5","400.5","","","","1"
"2014","Canada","2016A000011124","Musical theatre and opera companies [711112]","Performance revenue","Dollars","81","thousands","3","v107579254","1.3.1","33282.6","","","","1"
"2014","Canada","2016A000011124","Musical theatre and opera companies [711112]","Other sales","Dollars","81","thousands","3","v107579255","1.3.2","9557.2","","","","1"
"2014","Canada","2016A000011124","Musical theatre and opera companies [711112]","Public sector","Dollars","81","thousands","3","v107579256","1.3.3","18092.9","","","","1"
"2014","Canada","2016A000011124","Musical theatre and opera companies [711112]","Private sector","Dollars","81","thousands","3","v107579257","1.3.4","31876.2","","","","1"
"2014","Canada","2016A000011124","Musical theatre and opera companies [711112]","Licensing of rights","Dollars","81","thousands","3","v107579258","1.3.5","","x","","","1"
"2014","Canada","2016A000011124","Dance companies [711120]","Performance revenue","Dollars","81","thousands","3","v107579259","1.4.1","","x","","","1"
"2014","Canada","2016A000011124","Dance companies [711120]","Other sales","Dollars","81","thousands","3","v107579260","1.4.2","","x","","","1"
"2014","Canada","2016A000011124","Dance companies [711120]","Public sector","Dollars","81","thousands","3","v107579261","1.4.3","","x","","","1"
"2014","Canada","2016A000011124","Dance companies [711120]","Private sector","Dollars","81","thousands","3","v107579262","1.4.4","","x","","","1"
"2014","Canada","2016A000011124","Dance companies [711120]","Licensing of rights","Dollars","81","thousands","3","v107579263","1.4.5","0.0","","","","1"
"2014","Canada","2016A000011124","Musical groups and artists [711130]","Performance revenue","Dollars","81","thousands","3","v107579264","1.5.1","59331.3","","","","1"
"2014","Canada","2016A000011124","Musical groups and artists [711130]","Other sales","Dollars","81","thousands","3","v107579265","1.5.2","6585.7","","","","1"
"2014","Canada","2016A000011124","Musical groups and artists [711130]","Public sector","Dollars","81","thousands","3","v107579266","1.5.3","48042.3","","","","1"
"2014","Canada","2016A000011124","Musical groups and artists [711130]","Private sector","Dollars","81","thousands","3","v107579267","1.5.4","48236.0","","","","1"
"2014","Canada","2016A000011124","Musical groups and artists [711130]","Licensing of rights","Dollars","81","thousands","3","v107579268","1.5.5","","x","","","1"
"2014","Canada","2016A000011124","Other performing arts companies [711190]","Performance revenue","Dollars","81","thousands","3","v107579269","1.6.1","","x","","","1"
"2014","Canada","2016A000011124","Other performing arts companies [711190]","Other sales","Dollars","81","thousands","3","v107579270","1.6.2","","x","","","1"
"2014","Canada","2016A000011124","Other performing arts companies [711190]","Public sector","Dollars","81","thousands","3","v107579271","1.6.3","","x","","","1"
"2014","Canada","2016A000011124","Other performing arts companies [711190]","Private sector","Dollars","81","thousands","3","v107579272","1.6.4","","x","","","1"
"2014","Canada","2016A000011124","Other performing arts companies [711190]","Licensing of rights","Dollars","81","thousands","3","v107579273","1.6.5","","x","","","1"
"2014","Newfoundland and Labrador","2016A000210","Performing arts companies [7111]","Performance revenue","Dollars","81","thousands","3","v107579274","2.1.1","1678.5","","","","1"
"2014","Newfoundland and Labrador","2016A000210","Performing arts companies [7111]","Other sales","Dollars","81","thousands","3","v107579275","2.1.2","561.6","","","","1"
"2014","Newfoundland and Labrador","2016A000210","Performing arts companies [7111]","Public sector","Dollars","81","thousands","3","v107579276","2.1.3","2405.7","","","","1"
"2014","Newfoundland and Labrador","2016A000210","Performing arts companies [7111]","Private sector","Dollars","81","thousands","3","v107579277","2.1.4","1007.2","","","","1"
"2014","Newfoundland and Labrador","2016A000210","Performing arts companies [7111]","Licensing of rights","Dollars","81","thousands","3","v107579278","2.1.5","","x","","","1"
"2014","Prince Edward Island","2016A000211","Performing arts companies [7111]","Performance revenue","Dollars","81","thousands","3","v107579279","3.1.1","","x","","","1"
"2014","Prince Edward Island","2016A000211","Performing arts companies [7111]","Other sales","Dollars","81","thousands","3","v107579280","3.1.2","","x","","","1"
"2014","Prince Edward Island","2016A000211","Performing arts companies [7111]","Public sector","Dollars","81","thousands","3","v107579281","3.1.3","","x","","","1"
"2014","Prince Edward Island","2016A000211","Performing arts companies [7111]","Private sector","Dollars","81","thousands","3","v107579282","3.1.4","","x","","","1"
"2014","Prince Edward Island","2016A000211","Performing arts companies [7111]","Licensing of rights","Dollars","81","thousands","3","v107579283","3.1.5","0.0","","","","1"
"2014","Nova Scotia","2016A000212","Performing arts companies [7111]","Performance revenue","Dollars","81","thousands","3","v107579284","4.1.1","6166.7","","","","1"
"2014","Nova Scotia","2016A000212","Performing arts companies [7111]","Other sales","Dollars","81","thousands","3","v107579285","4.1.2","931.9","","","","1"
"2014","Nova Scotia","2016A000212","Performing arts companies [7111]","Public sector","Dollars","81","thousands","3","v107579286","4.1.3","2372.7","","","","1"
"2014","Nova Scotia","2016A000212","Performing arts companies [7111]","Private sector","Dollars","81","thousands","3","v107579287","4.1.4","2181.3","","","","1"
"2014","Nova Scotia","2016A000212","Performing arts companies [7111]","Licensing of rights","Dollars","81","thousands","3","v107579288","4.1.5","","x","","","1"
"2014","New Brunswick","2016A000213","Performing arts companies [7111]","Performance revenue","Dollars","81","thousands","3","v107579289","5.1.1","822.6","","","","1"
"2014","New Brunswick","2016A000213","Performing arts companies [7111]","Other sales","Dollars","81","thousands","3","v107579290","5.1.2","555.0","","","","1"
"2014","New Brunswick","2016A000213","Performing arts companies [7111]","Public sector","Dollars","81","thousands","3","v107579291","5.1.3","1876.4","","","","1"
"2014","New Brunswick","2016A000213","Performing arts companies [7111]","Private sector","Dollars","81","thousands","3","v107579292","5.1.4","1102.4","","","","1"
"2014","New Brunswick","2016A000213","Performing arts companies [7111]","Licensing of rights","Dollars","81","thousands","3","v107579293","5.1.5","0.0","","","","1"
"2014","Quebec","2016A000224","Performing arts companies [7111]","Performance revenue","Dollars","81","thousands","3","v107579294","6.1.1","76794.4","","","","1"
"2014","Quebec","2016A000224","Performing arts companies [7111]","Other sales","Dollars","81","thousands","3","v107579295","6.1.2","13555.5","","","","1"
"2014","Quebec","2016A000224","Performing arts companies [7111]","Public sector","Dollars","81","thousands","3","v107579296","6.1.3","73376.4","","","","1"
"2014","Quebec","2016A000224","Performing arts companies [7111]","Private sector","Dollars","81","thousands","3","v107579297","6.1.4","20494.4","","","","1"
"2014","Quebec","2016A000224","Performing arts companies [7111]","Licensing of rights","Dollars","81","thousands","3","v107579298","6.1.5","789.6","","","","1"
"2014","Ontario","2016A000235","Performing arts companies [7111]","Performance revenue","Dollars","81","thousands","3","v107579299","7.1.1","108842.1","","","","1"
"2014","Ontario","2016A000235","Performing arts companies [7111]","Other sales","Dollars","81","thousands","3","v107579300","7.1.2","23554.2","","","","1"
"2014","Ontario","2016A000235","Performing arts companies [7111]","Public sector","Dollars","81","thousands","3","v107579301","7.1.3","44467.4","","","","1"
"2014","Ontario","2016A000235","Performing arts companies [7111]","Private sector","Dollars","81","thousands","3","v107579302","7.1.4","79075.6","","","","1"
"2014","Ontario","2016A000235","Performing arts companies [7111]","Licensing of rights","Dollars","81","thousands","3","v107579303","7.1.5","186.5","","","","1"
"2014","Manitoba","2016A000246","Performing arts companies [7111]","Performance revenue","Dollars","81","thousands","3","v107579304","8.1.1","10643.9","","","","1"
"2014","Manitoba","2016A000246","Performing arts companies [7111]","Other sales","Dollars","81","thousands","3","v107579305","8.1.2","4184.0","","","","1"
"2014","Manitoba","2016A000246","Performing arts companies [7111]","Public sector","Dollars","81","thousands","3","v107579306","8.1.3","8149.2","","","","1"
"2014","Manitoba","2016A000246","Performing arts companies [7111]","Private sector","Dollars","81","thousands","3","v107579307","8.1.4","5217.4","","","","1"
"2014","Manitoba","2016A000246","Performing arts companies [7111]","Licensing of rights","Dollars","81","thousands","3","v107579308","8.1.5","","x","","","1"
"2014","Saskatchewan","2016A000247","Performing arts companies [7111]","Performance revenue","Dollars","81","thousands","3","v107579309","9.1.1","4961.9","","","","1"
"2014","Saskatchewan","2016A000247","Performing arts companies [7111]","Other sales","Dollars","81","thousands","3","v107579310","9.1.2","1606.1","","","","1"
"2014","Saskatchewan","2016A000247","Performing arts companies [7111]","Public sector","Dollars","81","thousands","3","v107579311","9.1.3","3141.2","","","","1"
"2014","Saskatchewan","2016A000247","Performing arts companies [7111]","Private sector","Dollars","81","thousands","3","v107579312","9.1.4","2545.1","","","","1"
"2014","Saskatchewan","2016A000247","Performing arts companies [7111]","Licensing of rights","Dollars","81","thousands","3","v107579313","9.1.5","0.0","","","","1"
"2014","Alberta","2016A000248","Performing arts companies [7111]","Performance revenue","Dollars","81","thousands","3","v107579314","10.1.1","32310.4","","","","1"
"2014","Alberta","2016A000248","Performing arts companies [7111]","Other sales","Dollars","81","thousands","3","v107579315","10.1.2","9641.1","","","","1"
"2014","Alberta","2016A000248","Performing arts companies [7111]","Public sector","Dollars","81","thousands","3","v107579316","10.1.3","18801.8","","","","1"
"2014","Alberta","2016A000248","Performing arts companies [7111]","Private sector","Dollars","81","thousands","3","v107579317","10.1.4","23189.8","","","","1"
"2014","Alberta","2016A000248","Performing arts companies [7111]","Licensing of rights","Dollars","81","thousands","3","v107579318","10.1.5","4.6","","","","1"
"2014","British Columbia","2016A000259","Performing arts companies [7111]","Performance revenue","Dollars","81","thousands","3","v107579319","11.1.1","32795.1","","","","1"
"2014","British Columbia","2016A000259","Performing arts companies [7111]","Other sales","Dollars","81","thousands","3","v107579320","11.1.2","6933.6","","","","1"
"2014","British Columbia","2016A000259","Performing arts companies [7111]","Public sector","Dollars","81","thousands","3","v107579321","11.1.3","20446.1","","","","1"
"2014","British Columbia","2016A000259","Performing arts companies [7111]","Private sector","Dollars","81","thousands","3","v107579322","11.1.4","21427.3","","","","1"
"2014","British Columbia","2016A000259","Performing arts companies [7111]","Licensing of rights","Dollars","81","thousands","3","v107579323","11.1.5","","x","","","1"
"2014","Yukon","2016A000260","Performing arts companies [7111]","Performance revenue","Dollars","81","thousands","3","v107579324","12.1.1","","x","","","1"
"2014","Yukon","2016A000260","Performing arts companies [7111]","Other sales","Dollars","81","thousands","3","v107579325","12.1.2","","x","","","1"
"2014","Yukon","2016A000260","Performing arts companies [7111]","Public sector","Dollars","81","thousands","3","v107579326","12.1.3","","x","","","1"
"2014","Yukon","2016A000260","Performing arts companies [7111]","Private sector","Dollars","81","thousands","3","v107579327","12.1.4","","x","","","1"
"2014","Yukon","2016A000260","Performing arts companies [7111]","Licensing of rights","Dollars","81","thousands","3","v107579328","12.1.5","0.0","","","","1"
"2014","Northwest Territories","2016A000261","Performing arts companies [7111]","Performance revenue","Dollars","81","thousands","3","v107579329","13.1.1","","..","","","1"
"2014","Northwest Territories","2016A000261","Performing arts companies [7111]","Other sales","Dollars","81","thousands","3","v107579330","13.1.2","","..","","","1"
"2014","Northwest Territories","2016A000261","Performing arts companies [7111]","Public sector","Dollars","81","thousands","3","v107579331","13.1.3","","..","","","1"
"2014","Northwest Territories","2016A000261","Performing arts companies [7111]","Private sector","Dollars","81","thousands","3","v107579332","13.1.4","","..","","","1"
"2014","Northwest Territories","2016A000261","Performing arts companies [7111]","Licensing of rights","Dollars","81","thousands","3","v107579333","13.1.5","","..","","","1"
"2014","Nunavut","2016A000262","Performing arts companies [7111]","Performance revenue","Dollars","81","thousands","3","v107579334","14.1.1","","x","","","1"
"2014","Nunavut","2016A000262","Performing arts companies [7111]","Other sales","Dollars","81","thousands","3","v107579335","14.1.2","","x","","","1"
"2014","Nunavut","2016A000262","Performing arts companies [7111]","Public sector","Dollars","81","thousands","3","v107579336","14.1.3","","x","","","1"
"2014","Nunavut","2016A000262","Performing arts companies [7111]","Private sector","Dollars","81","thousands","3","v107579337","14.1.4","0.0","","","","1"
"2014","Nunavut","2016A000262","Performing arts companies [7111]","Licensing of rights","Dollars","81","thousands","3","v107579338","14.1.5","","x","","","1"
"2016","Canada","2016A000011124","Performing arts companies [7111]","Performance revenue","Dollars","81","thousands","3","v107579244","1.1.1","303231.0","","","","1"
"2016","Canada","2016A000011124","Performing arts companies [7111]","Other sales","Dollars","81","thousands","3","v107579245","1.1.2","72587.6","","","","1"
"2016","Canada","2016A000011124","Performing arts companies [7111]","Public sector","Dollars","81","thousands","3","v107579246","1.1.3","209790.0","","","","1"
"2016","Canada","2016A000011124","Performing arts companies [7111]","Private sector","Dollars","81","thousands","3","v107579247","1.1.4","202626.8","","","","1"
"2016","Canada","2016A000011124","Performing arts companies [7111]","Licensing of rights","Dollars","81","thousands","3","v107579248","1.1.5","1234.3","","","","1"
"2016","Canada","2016A000011124","Theatre (except musical) companies [711111]","Performance revenue","Dollars","81","thousands","3","v107579249","1.2.1","161302.5","","","","1"
"2016","Canada","2016A000011124","Theatre (except musical) companies [711111]","Other sales","Dollars","81","thousands","3","v107579250","1.2.2","37807.7","","","","1"
"2016","Canada","2016A000011124","Theatre (except musical) companies [711111]","Public sector","Dollars","81","thousands","3","v107579251","1.2.3","96787.2","","","","1"
"2016","Canada","2016A000011124","Theatre (except musical) companies [711111]","Private sector","Dollars","81","thousands","3","v107579252","1.2.4","75489.0","","","","1"
"2016","Canada","2016A000011124","Theatre (except musical) companies [711111]","Licensing of rights","Dollars","81","thousands","3","v107579253","1.2.5","462.5","","","","1"
"2016","Canada","2016A000011124","Musical theatre and opera companies [711112]","Performance revenue","Dollars","81","thousands","3","v107579254","1.3.1","","x","","","1"
"2016","Canada","2016A000011124","Musical theatre and opera companies [711112]","Other sales","Dollars","81","thousands","3","v107579255","1.3.2","","x","","","1"
"2016","Canada","2016A000011124","Musical theatre and opera companies [711112]","Public sector","Dollars","81","thousands","3","v107579256","1.3.3","18404.7","","","","1"
"2016","Canada","2016A000011124","Musical theatre and opera companies [711112]","Private sector","Dollars","81","thousands","3","v107579257","1.3.4","29906.6","","","","1"
"2016","Canada","2016A000011124","Musical theatre and opera companies [711112]","Licensing of rights","Dollars","81","thousands","3","v107579258","1.3.5","","x","","","1"
"2016","Canada","2016A000011124","Dance companies [711120]","Performance revenue","Dollars","81","thousands","3","v107579259","1.4.1","","x","","","1"
"2016","Canada","2016A000011124","Dance companies [711120]","Other sales","Dollars","81","thousands","3","v107579260","1.4.2","","x","","","1"
"2016","Canada","2016A000011124","Dance companies [711120]","Public sector","Dollars","81","thousands","3","v107579261","1.4.3","33469.4","","","","1"
"2016","Canada","2016A000011124","Dance companies [711120]","Private sector","Dollars","81","thousands","3","v107579262","1.4.4","26074.4","","","","1"
"2016","Canada","2016A000011124","Dance companies [711120]","Licensing of rights","Dollars","81","thousands","3","v107579263","1.4.5","","x","","","1"
"2016","Canada","2016A000011124","Musical groups and artists [711130]","Performance revenue","Dollars","81","thousands","3","v107579264","1.5.1","66927.4","","","","1"
"2016","Canada","2016A000011124","Musical groups and artists [711130]","Other sales","Dollars","81","thousands","3","v107579265","1.5.2","10554.7","","","","1"
"2016","Canada","2016A000011124","Musical groups and artists [711130]","Public sector","Dollars","81","thousands","3","v107579266","1.5.3","57228.7","","","","1"
"2016","Canada","2016A000011124","Musical groups and artists [711130]","Private sector","Dollars","81","thousands","3","v107579267","1.5.4","69485.2","","","","1"
"2016","Canada","2016A000011124","Musical groups and artists [711130]","Licensing of rights","Dollars","81","thousands","3","v107579268","1.5.5","106.2","","","","1"
"2016","Canada","2016A000011124","Other performing arts companies [711190]","Performance revenue","Dollars","81","thousands","3","v107579269","1.6.1","","x","","","1"
"2016","Canada","2016A000011124","Other performing arts companies [711190]","Other sales","Dollars","81","thousands","3","v107579270","1.6.2","","x","","","1"
"2016","Canada","2016A000011124","Other performing arts companies [711190]","Public sector","Dollars","81","thousands","3","v107579271","1.6.3","3900.1","","","","1"
"2016","Canada","2016A000011124","Other performing arts companies [711190]","Private sector","Dollars","81","thousands","3","v107579272","1.6.4","1671.6","","","","1"
"2016","Canada","2016A000011124","Other performing arts companies [711190]","Licensing of rights","Dollars","81","thousands","3","v107579273","1.6.5","","x","","","1"
"2016","Newfoundland and Labrador","2016A000210","Performing arts companies [7111]","Performance revenue","Dollars","81","thousands","3","v107579274","2.1.1","2124.4","","","","1"
"2016","Newfoundland and Labrador","2016A000210","Performing arts companies [7111]","Other sales","Dollars","81","thousands","3","v107579275","2.1.2","308.1","","","","1"
"2016","Newfoundland and Labrador","2016A000210","Performing arts companies [7111]","Public sector","Dollars","81","thousands","3","v107579276","2.1.3","2770.3","","","","1"
"2016","Newfoundland and Labrador","2016A000210","Performing arts companies [7111]","Private sector","Dollars","81","thousands","3","v107579277","2.1.4","1326.4","","","","1"
"2016","Newfoundland and Labrador","2016A000210","Performing arts companies [7111]","Licensing of rights","Dollars","81","thousands","3","v107579278","2.1.5","","x","","","1"
"2016","Prince Edward Island","2016A000211","Performing arts companies [7111]","Performance revenue","Dollars","81","thousands","3","v107579279","3.1.1","","x","","","1"
"2016","Prince Edward Island","2016A000211","Performing arts companies [7111]","Other sales","Dollars","81","thousands","3","v107579280","3.1.2","","x","","","1"
"2016","Prince Edward Island","2016A000211","Performing arts companies [7111]","Public sector","Dollars","81","thousands","3","v107579281","3.1.3","","x","","","1"
"2016","Prince Edward Island","2016A000211","Performing arts companies [7111]","Private sector","Dollars","81","thousands","3","v107579282","3.1.4","","x","","","1"
"2016","Prince Edward Island","2016A000211","Performing arts companies [7111]","Licensing of rights","Dollars","81","thousands","3","v107579283","3.1.5","0.0","","","","1"
"2016","Nova Scotia","2016A000212","Performing arts companies [7111]","Performance revenue","Dollars","81","thousands","3","v107579284","4.1.1","6351.6","","","","1"
"2016","Nova Scotia","2016A000212","Performing arts companies [7111]","Other sales","Dollars","81","thousands","3","v107579285","4.1.2","","x","","","1"
"2016","Nova Scotia","2016A000212","Performing arts companies [7111]","Public sector","Dollars","81","thousands","3","v107579286","4.1.3","3950.1","","","","1"
"2016","Nova Scotia","2016A000212","Performing arts companies [7111]","Private sector","Dollars","81","thousands","3","v107579287","4.1.4","3294.9","","","","1"
"2016","Nova Scotia","2016A000212","Performing arts companies [7111]","Licensing of rights","Dollars","81","thousands","3","v107579288","4.1.5","","x","","","1"
"2016","New Brunswick","2016A000213","Performing arts companies [7111]","Performance revenue","Dollars","81","thousands","3","v107579289","5.1.1","","x","","","1"
"2016","New Brunswick","2016A000213","Performing arts companies [7111]","Other sales","Dollars","81","thousands","3","v107579290","5.1.2","","x","","","1"
"2016","New Brunswick","2016A000213","Performing arts companies [7111]","Public sector","Dollars","81","thousands","3","v107579291","5.1.3","2299.8","","","","1"
"2016","New Brunswick","2016A000213","Performing arts companies [7111]","Private sector","Dollars","81","thousands","3","v107579292","5.1.4","985.0","","","","1"
"2016","New Brunswick","2016A000213","Performing arts companies [7111]","Licensing of rights","Dollars","81","thousands","3","v107579293","5.1.5","","x","","","1"
"2016","Quebec","2016A000224","Performing arts companies [7111]","Performance revenue","Dollars","81","thousands","3","v107579294","6.1.1","77047.8","","","","1"
"2016","Quebec","2016A000224","Performing arts companies [7111]","Other sales","Dollars","81","thousands","3","v107579295","6.1.2","15629.3","","","","1"
"2016","Quebec","2016A000224","Performing arts companies [7111]","Public sector","Dollars","81","thousands","3","v107579296","6.1.3","78798.9","","","","1"
"2016","Quebec","2016A000224","Performing arts companies [7111]","Private sector","Dollars","81","thousands","3","v107579297","6.1.4","26807.1","","","","1"
"2016","Quebec","2016A000224","Performing arts companies [7111]","Licensing of rights","Dollars","81","thousands","3","v107579298","6.1.5","591.2","","","","1"
"2016","Ontario","2016A000235","Performing arts companies [7111]","Performance revenue","Dollars","81","thousands","3","v107579299","7.1.1","119624.7","","","","1"
"2016","Ontario","2016A000235","Performing arts companies [7111]","Other sales","Dollars","81","thousands","3","v107579300","7.1.2","30223.4","","","","1"
"2016","Ontario","2016A000235","Performing arts companies [7111]","Public sector","Dollars","81","thousands","3","v107579301","7.1.3","61596.8","","","","1"
"2016","Ontario","2016A000235","Performing arts companies [7111]","Private sector","Dollars","81","thousands","3","v107579302","7.1.4","106252.8","","","","1"
"2016","Ontario","2016A000235","Performing arts companies [7111]","Licensing of rights","Dollars","81","thousands","3","v107579303","7.1.5","475.6","","","","1"
"2016","Manitoba","2016A000246","Performing arts companies [7111]","Performance revenue","Dollars","81","thousands","3","v107579304","8.1.1","10754.6","","","","1"
"2016","Manitoba","2016A000246","Performing arts companies [7111]","Other sales","Dollars","81","thousands","3","v107579305","8.1.2","4929.6","","","","1"
"2016","Manitoba","2016A000246","Performing arts companies [7111]","Public sector","Dollars","81","thousands","3","v107579306","8.1.3","7770.5","","","","1"
"2016","Manitoba","2016A000246","Performing arts companies [7111]","Private sector","Dollars","81","thousands","3","v107579307","8.1.4","6722.7","","","","1"
"2016","Manitoba","2016A000246","Performing arts companies [7111]","Licensing of rights","Dollars","81","thousands","3","v107579308","8.1.5","","x","","","1"
"2016","Saskatchewan","2016A000247","Performing arts companies [7111]","Performance revenue","Dollars","81","thousands","3","v107579309","9.1.1","6731.0","","","","1"
"2016","Saskatchewan","2016A000247","Performing arts companies [7111]","Other sales","Dollars","81","thousands","3","v107579310","9.1.2","1776.1","","","","1"
"2016","Saskatchewan","2016A000247","Performing arts companies [7111]","Public sector","Dollars","81","thousands","3","v107579311","9.1.3","3929.9","","","","1"
"2016","Saskatchewan","2016A000247","Performing arts companies [7111]","Private sector","Dollars","81","thousands","3","v107579312","9.1.4","2795.4","","","","1"
"2016","Saskatchewan","2016A000247","Performing arts companies [7111]","Licensing of rights","Dollars","81","thousands","3","v107579313","9.1.5","","x","","","1"
"2016","Alberta","2016A000248","Performing arts companies [7111]","Performance revenue","Dollars","81","thousands","3","v107579314","10.1.1","38337.3","","","","1"
"2016","Alberta","2016A000248","Performing arts companies [7111]","Other sales","Dollars","81","thousands","3","v107579315","10.1.2","10655.9","","","","1"
"2016","Alberta","2016A000248","Performing arts companies [7111]","Public sector","Dollars","81","thousands","3","v107579316","10.1.3","24081.4","","","","1"
"2016","Alberta","2016A000248","Performing arts companies [7111]","Private sector","Dollars","81","thousands","3","v107579317","10.1.4","28614.7","","","","1"
"2016","Alberta","2016A000248","Performing arts companies [7111]","Licensing of rights","Dollars","81","thousands","3","v107579318","10.1.5","4.9","","","","1"
"2016","British Columbia","2016A000259","Performing arts companies [7111]","Performance revenue","Dollars","81","thousands","3","v107579319","11.1.1","40986.6","","","","1"
"2016","British Columbia","2016A000259","Performing arts companies [7111]","Other sales","Dollars","81","thousands","3","v107579320","11.1.2","7250.6","","","","1"
"2016","British Columbia","2016A000259","Performing arts companies [7111]","Public sector","Dollars","81","thousands","3","v107579321","11.1.3","23775.7","","","","1"
"2016","British Columbia","2016A000259","Performing arts companies [7111]","Private sector","Dollars","81","thousands","3","v107579322","11.1.4","25435.5","","","","1"
"2016","British Columbia","2016A000259","Performing arts companies [7111]","Licensing of rights","Dollars","81","thousands","3","v107579323","11.1.5","","x","","","1"
"2016","Yukon","2016A000260","Performing arts companies [7111]","Performance revenue","Dollars","81","thousands","3","v107579324","12.1.1","","x","","","1"
"2016","Yukon","2016A000260","Performing arts companies [7111]","Other sales","Dollars","81","thousands","3","v107579325","12.1.2","","x","","","1"
"2016","Yukon","2016A000260","Performing arts companies [7111]","Public sector","Dollars","81","thousands","3","v107579326","12.1.3","","x","","","1"
"2016","Yukon","2016A000260","Performing arts companies [7111]","Private sector","Dollars","81","thousands","3","v107579327","12.1.4","","x","","","1"
"2016","Yukon","2016A000260","Performing arts companies [7111]","Licensing of rights","Dollars","81","thousands","3","v107579328","12.1.5","0.0","","","","1"
"2016","Northwest Territories","2016A000261","Performing arts companies [7111]","Performance revenue","Dollars","81","thousands","3","v107579329","13.1.1","","..","","","1"
"2016","Northwest Territories","2016A000261","Performing arts companies [7111]","Other sales","Dollars","81","thousands","3","v107579330","13.1.2","","..","","","1"
"2016","Northwest Territories","2016A000261","Performing arts companies [7111]","Public sector","Dollars","81","thousands","3","v107579331","13.1.3","","..","","","1"
"2016","Northwest Territories","2016A000261","Performing arts companies [7111]","Private sector","Dollars","81","thousands","3","v107579332","13.1.4","","..","","","1"
"2016","Northwest Territories","2016A000261","Performing arts companies [7111]","Licensing of rights","Dollars","81","thousands","3","v107579333","13.1.5","","..","","","1"
"2016","Nunavut","2016A000262","Performing arts companies [7111]","Performance revenue","Dollars","81","thousands","3","v107579334","14.1.1","0.0","","","","1"
"2016","Nunavut","2016A000262","Performing arts companies [7111]","Other sales","Dollars","81","thousands","3","v107579335","14.1.2","","x","","","1"
"2016","Nunavut","2016A000262","Performing arts companies [7111]","Public sector","Dollars","81","thousands","3","v107579336","14.1.3","","x","","","1"
"2016","Nunavut","2016A000262","Performing arts companies [7111]","Private sector","Dollars","81","thousands","3","v107579337","14.1.4","0.0","","","","1"
"2016","Nunavut","2016A000262","Performing arts companies [7111]","Licensing of rights","Dollars","81","thousands","3","v107579338","14.1.5","","x","","","1"
"2018","Canada","2016A000011124","Performing arts companies [7111]","Performance revenue","Dollars","81","thousands","3","v107579244","1.1.1","338462.7","","","","1"
"2018","Canada","2016A000011124","Performing arts companies [7111]","Other sales","Dollars","81","thousands","3","v107579245","1.1.2","86156.1","","","","1"
"2018","Canada","2016A000011124","Performing arts companies [7111]","Public sector","Dollars","81","thousands","3","v107579246","1.1.3","236567.0","","","","1"
"2018","Canada","2016A000011124","Performing arts companies [7111]","Private sector","Dollars","81","thousands","3","v107579247","1.1.4","222754.0","","","","1"
"2018","Canada","2016A000011124","Performing arts companies [7111]","Licensing of rights","Dollars","81","thousands","3","v107579248","1.1.5","3694.1","","","","1"
"2018","Canada","2016A000011124","Theatre (except musical) companies [711111]","Performance revenue","Dollars","81","thousands","3","v107579249","1.2.1","179921.2","","","","1"
"2018","Canada","2016A000011124","Theatre (except musical) companies [711111]","Other sales","Dollars","81","thousands","3","v107579250","1.2.2","48803.6","","","","1"
"2018","Canada","2016A000011124","Theatre (except musical) companies [711111]","Public sector","Dollars","81","thousands","3","v107579251","1.2.3","106120.7","","","","1"
"2018","Canada","2016A000011124","Theatre (except musical) companies [711111]","Private sector","Dollars","81","thousands","3","v107579252","1.2.4","84575.5","","","","1"
"2018","Canada","2016A000011124","Theatre (except musical) companies [711111]","Licensing of rights","Dollars","81","thousands","3","v107579253","1.2.5","2788.2","","","","1"
"2018","Canada","2016A000011124","Musical theatre and opera companies [711112]","Performance revenue","Dollars","81","thousands","3","v107579254","1.3.1","38277.2","","","","1"
"2018","Canada","2016A000011124","Musical theatre and opera companies [711112]","Other sales","Dollars","81","thousands","3","v107579255","1.3.2","8674.6","","","","1"
"2018","Canada","2016A000011124","Musical theatre and opera companies [711112]","Public sector","Dollars","81","thousands","3","v107579256","1.3.3","20590.2","","","","1"
"2018","Canada","2016A000011124","Musical theatre and opera companies [711112]","Private sector","Dollars","81","thousands","3","v107579257","1.3.4","34744.3","","","","1"
"2018","Canada","2016A000011124","Musical theatre and opera companies [711112]","Licensing of rights","Dollars","81","thousands","3","v107579258","1.3.5","","x","","","1"
"2018","Canada","2016A000011124","Dance companies [711120]","Performance revenue","Dollars","81","thousands","3","v107579259","1.4.1","40537.2","","","","1"
"2018","Canada","2016A000011124","Dance companies [711120]","Other sales","Dollars","81","thousands","3","v107579260","1.4.2","12773.1","","","","1"
"2018","Canada","2016A000011124","Dance companies [711120]","Public sector","Dollars","81","thousands","3","v107579261","1.4.3","38489.7","","","","1"
"2018","Canada","2016A000011124","Dance companies [711120]","Private sector","Dollars","81","thousands","3","v107579262","1.4.4","30614.7","","","","1"
"2018","Canada","2016A000011124","Dance companies [711120]","Licensing of rights","Dollars","81","thousands","3","v107579263","1.4.5","252.4","","","","1"
"2018","Canada","2016A000011124","Musical groups and artists [711130]","Performance revenue","Dollars","81","thousands","3","v107579264","1.5.1","75046.2","","","","1"
"2018","Canada","2016A000011124","Musical groups and artists [711130]","Other sales","Dollars","81","thousands","3","v107579265","1.5.2","8865.8","","","","1"
"2018","Canada","2016A000011124","Musical groups and artists [711130]","Public sector","Dollars","81","thousands","3","v107579266","1.5.3","64871.3","","","","1"
"2018","Canada","2016A000011124","Musical groups and artists [711130]","Private sector","Dollars","81","thousands","3","v107579267","1.5.4","70196.1","","","","1"
"2018","Canada","2016A000011124","Musical groups and artists [711130]","Licensing of rights","Dollars","81","thousands","3","v107579268","1.5.5","264.2","","","","1"
"2018","Canada","2016A000011124","Other performing arts companies [711190]","Performance revenue","Dollars","81","thousands","3","v107579269","1.6.1","4680.9","","","","1"
"2018","Canada","2016A000011124","Other performing arts companies [711190]","Other sales","Dollars","81","thousands","3","v107579270","1.6.2","7039.0","","","","1"
"2018","Canada","2016A000011124","Other performing arts companies [711190]","Public sector","Dollars","81","thousands","3","v107579271","1.6.3","6495.2","","","","1"
"2018","Canada","2016A000011124","Other performing arts companies [711190]","Private sector","Dollars","81","thousands","3","v107579272","1.6.4","2623.5","","","","1"
"2018","Canada","2016A000011124","Other performing arts companies [711190]","Licensing of rights","Dollars","81","thousands","3","v107579273","1.6.5","","x","","","1"
"2018","Newfoundland and Labrador","2016A000210","Performing arts companies [7111]","Performance revenue","Dollars","81","thousands","3","v107579274","2.1.1","2300.7","","","","1"
"2018","Newfoundland and Labrador","2016A000210","Performing arts companies [7111]","Other sales","Dollars","81","thousands","3","v107579275","2.1.2","607.4","","","","1"
"2018","Newfoundland and Labrador","2016A000210","Performing arts companies [7111]","Public sector","Dollars","81","thousands","3","v107579276","2.1.3","3584.1","","","","1"
"2018","Newfoundland and Labrador","2016A000210","Performing arts companies [7111]","Private sector","Dollars","81","thousands","3","v107579277","2.1.4","1443.9","","","","1"
"2018","Newfoundland and Labrador","2016A000210","Performing arts companies [7111]","Licensing of rights","Dollars","81","thousands","3","v107579278","2.1.5","","x","","","1"
"2018","Prince Edward Island","2016A000211","Performing arts companies [7111]","Performance revenue","Dollars","81","thousands","3","v107579279","3.1.1","","x","","","1"
"2018","Prince Edward Island","2016A000211","Performing arts companies [7111]","Other sales","Dollars","81","thousands","3","v107579280","3.1.2","","x","","","1"
"2018","Prince Edward Island","2016A000211","Performing arts companies [7111]","Public sector","Dollars","81","thousands","3","v107579281","3.1.3","","x","","","1"
"2018","Prince Edward Island","2016A000211","Performing arts companies [7111]","Private sector","Dollars","81","thousands","3","v107579282","3.1.4","","x","","","1"
"2018","Prince Edward Island","2016A000211","Performing arts companies [7111]","Licensing of rights","Dollars","81","thousands","3","v107579283","3.1.5","0.0","","","","1"
"2018","Nova Scotia","2016A000212","Performing arts companies [7111]","Performance revenue","Dollars","81","thousands","3","v107579284","4.1.1","7761.4","","","","1"
"2018","Nova Scotia","2016A000212","Performing arts companies [7111]","Other sales","Dollars","81","thousands","3","v107579285","4.1.2","1315.9","","","","1"
"2018","Nova Scotia","2016A000212","Performing arts companies [7111]","Public sector","Dollars","81","thousands","3","v107579286","4.1.3","4222.7","","","","1"
"2018","Nova Scotia","2016A000212","Performing arts companies [7111]","Private sector","Dollars","81","thousands","3","v107579287","4.1.4","3004.2","","","","1"
"2018","Nova Scotia","2016A000212","Performing arts companies [7111]","Licensing of rights","Dollars","81","thousands","3","v107579288","4.1.5","0.0","","","","1"
"2018","New Brunswick","2016A000213","Performing arts companies [7111]","Performance revenue","Dollars","81","thousands","3","v107579289","5.1.1","799.9","","","","1"
"2018","New Brunswick","2016A000213","Performing arts companies [7111]","Other sales","Dollars","81","thousands","3","v107579290","5.1.2","761.6","","","","1"
"2018","New Brunswick","2016A000213","Performing arts companies [7111]","Public sector","Dollars","81","thousands","3","v107579291","5.1.3","2695.5","","","","1"
"2018","New Brunswick","2016A000213","Performing arts companies [7111]","Private sector","Dollars","81","thousands","3","v107579292","5.1.4","1249.6","","","","1"
"2018","New Brunswick","2016A000213","Performing arts companies [7111]","Licensing of rights","Dollars","81","thousands","3","v107579293","5.1.5","2.5","","","","1"
"2018","Quebec","2016A000224","Performing arts companies [7111]","Performance revenue","Dollars","81","thousands","3","v107579294","6.1.1","82197.8","","","","1"
"2018","Quebec","2016A000224","Performing arts companies [7111]","Other sales","Dollars","81","thousands","3","v107579295","6.1.2","19400.6","","","","1"
"2018","Quebec","2016A000224","Performing arts companies [7111]","Public sector","Dollars","81","thousands","3","v107579296","6.1.3","88980.2","","","","1"
"2018","Quebec","2016A000224","Performing arts companies [7111]","Private sector","Dollars","81","thousands","3","v107579297","6.1.4","35192.9","","","","1"
"2018","Quebec","2016A000224","Performing arts companies [7111]","Licensing of rights","Dollars","81","thousands","3","v107579298","6.1.5","2311.2","","","","1"
"2018","Ontario","2016A000235","Performing arts companies [7111]","Performance revenue","Dollars","81","thousands","3","v107579299","7.1.1","138080.7","","","","1"
"2018","Ontario","2016A000235","Performing arts companies [7111]","Other sales","Dollars","81","thousands","3","v107579300","7.1.2","34010.3","","","","1"
"2018","Ontario","2016A000235","Performing arts companies [7111]","Public sector","Dollars","81","thousands","3","v107579301","7.1.3","65510.7","","","","1"
"2018","Ontario","2016A000235","Performing arts companies [7111]","Private sector","Dollars","81","thousands","3","v107579302","7.1.4","106948.6","","","","1"
"2018","Ontario","2016A000235","Performing arts companies [7111]","Licensing of rights","Dollars","81","thousands","3","v107579303","7.1.5","1219.5","","","","1"
"2018","Manitoba","2016A000246","Performing arts companies [7111]","Performance revenue","Dollars","81","thousands","3","v107579304","8.1.1","11404.7","","","","1"
"2018","Manitoba","2016A000246","Performing arts companies [7111]","Other sales","Dollars","81","thousands","3","v107579305","8.1.2","5214.4","","","","1"
"2018","Manitoba","2016A000246","Performing arts companies [7111]","Public sector","Dollars","81","thousands","3","v107579306","8.1.3","9564.0","","","","1"
"2018","Manitoba","2016A000246","Performing arts companies [7111]","Private sector","Dollars","81","thousands","3","v107579307","8.1.4","7868.2","","","","1"
"2018","Manitoba","2016A000246","Performing arts companies [7111]","Licensing of rights","Dollars","81","thousands","3","v107579308","8.1.5","69.3","","","","1"
"2018","Saskatchewan","2016A000247","Performing arts companies [7111]","Performance revenue","Dollars","81","thousands","3","v107579309","9.1.1","6943.0","","","","1"
"2018","Saskatchewan","2016A000247","Performing arts companies [7111]","Other sales","Dollars","81","thousands","3","v107579310","9.1.2","2046.8","","","","1"
"2018","Saskatchewan","2016A000247","Performing arts companies [7111]","Public sector","Dollars","81","thousands","3","v107579311","9.1.3","4273.7","","","","1"
"2018","Saskatchewan","2016A000247","Performing arts companies [7111]","Private sector","Dollars","81","thousands","3","v107579312","9.1.4","3915.2","","","","1"
"2018","Saskatchewan","2016A000247","Performing arts companies [7111]","Licensing of rights","Dollars","81","thousands","3","v107579313","9.1.5","","x","","","1"
"2018","Alberta","2016A000248","Performing arts companies [7111]","Performance revenue","Dollars","81","thousands","3","v107579314","10.1.1","43966.1","","","","1"
"2018","Alberta","2016A000248","Performing arts companies [7111]","Other sales","Dollars","81","thousands","3","v107579315","10.1.2","13441.2","","","","1"
"2018","Alberta","2016A000248","Performing arts companies [7111]","Public sector","Dollars","81","thousands","3","v107579316","10.1.3","25727.4","","","","1"
"2018","Alberta","2016A000248","Performing arts companies [7111]","Private sector","Dollars","81","thousands","3","v107579317","10.1.4","33675.4","","","","1"
"2018","Alberta","2016A000248","Performing arts companies [7111]","Licensing of rights","Dollars","81","thousands","3","v107579318","10.1.5","43.3","","","","1"
"2018","British Columbia","2016A000259","Performing arts companies [7111]","Performance revenue","Dollars","81","thousands","3","v107579319","11.1.1","44562.6","","","","1"
"2018","British Columbia","2016A000259","Performing arts companies [7111]","Other sales","Dollars","81","thousands","3","v107579320","11.1.2","9252.9","","","","1"
"2018","British Columbia","2016A000259","Performing arts companies [7111]","Public sector","Dollars","81","thousands","3","v107579321","11.1.3","30813.7","","","","1"
"2018","British Columbia","2016A000259","Performing arts companies [7111]","Private sector","Dollars","81","thousands","3","v107579322","11.1.4","29103.3","","","","1"
"2018","British Columbia","2016A000259","Performing arts companies [7111]","Licensing of rights","Dollars","81","thousands","3","v107579323","11.1.5","28.4","","","","1"
"2018","Yukon","2016A000260","Performing arts companies [7111]","Performance revenue","Dollars","81","thousands","3","v107579324","12.1.1","","x","","","1"
"2018","Yukon","2016A000260","Performing arts companies [7111]","Other sales","Dollars","81","thousands","3","v107579325","12.1.2","","x","","","1"
"2018","Yukon","2016A000260","Performing arts companies [7111]","Public sector","Dollars","81","thousands","3","v107579326","12.1.3","","x","","","1"
"2018","Yukon","2016A000260","Performing arts companies [7111]","Private sector","Dollars","81","thousands","3","v107579327","12.1.4","","x","","","1"
"2018","Yukon","2016A000260","Performing arts companies [7111]","Licensing of rights","Dollars","81","thousands","3","v107579328","12.1.5","0.0","","","","1"
"2018","Northwest Territories","2016A000261","Performing arts companies [7111]","Performance revenue","Dollars","81","thousands","3","v107579329","13.1.1","","..","","","1"
"2018","Northwest Territories","2016A000261","Performing arts companies [7111]","Other sales","Dollars","81","thousands","3","v107579330","13.1.2","","..","","","1"
"2018","Northwest Territories","2016A000261","Performing arts companies [7111]","Public sector","Dollars","81","thousands","3","v107579331","13.1.3","","..","","","1"
"2018","Northwest Territories","2016A000261","Performing arts companies [7111]","Private sector","Dollars","81","thousands","3","v107579332","13.1.4","","..","","","1"
"2018","Northwest Territories","2016A000261","Performing arts companies [7111]","Licensing of rights","Dollars","81","thousands","3","v107579333","13.1.5","","..","","","1"
"2018","Nunavut","2016A000262","Performing arts companies [7111]","Performance revenue","Dollars","81","thousands","3","v107579334","14.1.1","0.0","","","","1"
"2018","Nunavut","2016A000262","Performing arts companies [7111]","Other sales","Dollars","81","thousands","3","v107579335","14.1.2","","x","","","1"
"2018","Nunavut","2016A000262","Performing arts companies [7111]","Public sector","Dollars","81","thousands","3","v107579336","14.1.3","","x","","","1"
"2018","Nunavut","2016A000262","Performing arts companies [7111]","Private sector","Dollars","81","thousands","3","v107579337","14.1.4","0.0","","","","1"
"2018","Nunavut","2016A000262","Performing arts companies [7111]","Licensing of rights","Dollars","81","thousands","3","v107579338","14.1.5","0.0","","","","1"
"2020","Canada","2016A000011124","Performing arts companies [7111]","Performance revenue","Dollars","81","thousands","3","v107579244","1.1.1","171859.5","","","","1"
"2020","Canada","2016A000011124","Performing arts companies [7111]","Other sales","Dollars","81","thousands","3","v107579245","1.1.2","50491.3","","","","1"
"2020","Canada","2016A000011124","Performing arts companies [7111]","Public sector","Dollars","81","thousands","3","v107579246","1.1.3","307225.9","","","","1"
"2020","Canada","2016A000011124","Performing arts companies [7111]","Private sector","Dollars","81","thousands","3","v107579247","1.1.4","200611.0","","","","1"
"2020","Canada","2016A000011124","Performing arts companies [7111]","Licensing of rights","Dollars","81","thousands","3","v107579248","1.1.5","2571.3","","","","1"
"2020","Canada","2016A000011124","Theatre (except musical) companies [711111]","Performance revenue","Dollars","81","thousands","3","v107579249","1.2.1","72926.7","","","","1"
"2020","Canada","2016A000011124","Theatre (except musical) companies [711111]","Other sales","Dollars","81","thousands","3","v107579250","1.2.2","24953.4","","","","1"
"2020","Canada","2016A000011124","Theatre (except musical) companies [711111]","Public sector","Dollars","81","thousands","3","v107579251","1.2.3","146159.3","","","","1"
"2020","Canada","2016A000011124","Theatre (except musical) companies [711111]","Private sector","Dollars","81","thousands","3","v107579252","1.2.4","82322.7","","","","1"
"2020","Canada","2016A000011124","Theatre (except musical) companies [711111]","Licensing of rights","Dollars","81","thousands","3","v107579253","1.2.5","2127.6","","","","1"
"2020","Canada","2016A000011124","Musical theatre and opera companies [711112]","Performance revenue","Dollars","81","thousands","3","v107579254","1.3.1","16152.8","","","","1"
"2020","Canada","2016A000011124","Musical theatre and opera companies [711112]","Other sales","Dollars","81","thousands","3","v107579255","1.3.2","2734.1","","","","1"
"2020","Canada","2016A000011124","Musical theatre and opera companies [711112]","Public sector","Dollars","81","thousands","3","v107579256","1.3.3","25307.7","","","","1"
"2020","Canada","2016A000011124","Musical theatre and opera companies [711112]","Private sector","Dollars","81","thousands","3","v107579257","1.3.4","29855.2","","","","1"
"2020","Canada","2016A000011124","Musical theatre and opera companies [711112]","Licensing of rights","Dollars","81","thousands","3","v107579258","1.3.5","0.0","","","","1"
"2020","Canada","2016A000011124","Dance companies [711120]","Performance revenue","Dollars","81","thousands","3","v107579259","1.4.1","31255.5","","","","1"
"2020","Canada","2016A000011124","Dance companies [711120]","Other sales","Dollars","81","thousands","3","v107579260","1.4.2","12204.4","","","","1"
"2020","Canada","2016A000011124","Dance companies [711120]","Public sector","Dollars","81","thousands","3","v107579261","1.4.3","49956.3","","","","1"
"2020","Canada","2016A000011124","Dance companies [711120]","Private sector","Dollars","81","thousands","3","v107579262","1.4.4","23106.6","","","","1"
"2020","Canada","2016A000011124","Dance companies [711120]","Licensing of rights","Dollars","81","thousands","3","v107579263","1.4.5","218.9","","","","1"
"2020","Canada","2016A000011124","Musical groups and artists [711130]","Performance revenue","Dollars","81","thousands","3","v107579264","1.5.1","48224.7","","","","1"
"2020","Canada","2016A000011124","Musical groups and artists [711130]","Other sales","Dollars","81","thousands","3","v107579265","1.5.2","7792.7","","","","1"
"2020","Canada","2016A000011124","Musical groups and artists [711130]","Public sector","Dollars","81","thousands","3","v107579266","1.5.3","77331.7","","","","1"
"2020","Canada","2016A000011124","Musical groups and artists [711130]","Private sector","Dollars","81","thousands","3","v107579267","1.5.4","63698.4","","","","1"
"2020","Canada","2016A000011124","Musical groups and artists [711130]","Licensing of rights","Dollars","81","thousands","3","v107579268","1.5.5","","x","","","1"
"2020","Canada","2016A000011124","Other performing arts companies [711190]","Performance revenue","Dollars","81","thousands","3","v107579269","1.6.1","3299.8","","","","1"
"2020","Canada","2016A000011124","Other performing arts companies [711190]","Other sales","Dollars","81","thousands","3","v107579270","1.6.2","2806.7","","","","1"
"2020","Canada","2016A000011124","Other performing arts companies [711190]","Public sector","Dollars","81","thousands","3","v107579271","1.6.3","8470.9","","","","1"
"2020","Canada","2016A000011124","Other performing arts companies [711190]","Private sector","Dollars","81","thousands","3","v107579272","1.6.4","1628.1","","","","1"
"2020","Canada","2016A000011124","Other performing arts companies [711190]","Licensing of rights","Dollars","81","thousands","3","v107579273","1.6.5","","x","","","1"
"2020","Newfoundland and Labrador","2016A000210","Performing arts companies [7111]","Performance revenue","Dollars","81","thousands","3","v107579274","2.1.1","1164.2","","","","1"
"2020","Newfoundland and Labrador","2016A000210","Performing arts companies [7111]","Other sales","Dollars","81","thousands","3","v107579275","2.1.2","352.5","","","","1"
"2020","Newfoundland and Labrador","2016A000210","Performing arts companies [7111]","Public sector","Dollars","81","thousands","3","v107579276","2.1.3","4231.7","","","","1"
"2020","Newfoundland and Labrador","2016A000210","Performing arts companies [7111]","Private sector","Dollars","81","thousands","3","v107579277","2.1.4","1926.8","","","","1"
"2020","Newfoundland and Labrador","2016A000210","Performing arts companies [7111]","Licensing of rights","Dollars","81","thousands","3","v107579278","2.1.5","","x","","","1"
"2020","Prince Edward Island","2016A000211","Performing arts companies [7111]","Performance revenue","Dollars","81","thousands","3","v107579279","3.1.1","","x","","","1"
"2020","Prince Edward Island","2016A000211","Performing arts companies [7111]","Other sales","Dollars","81","thousands","3","v107579280","3.1.2","","x","","","1"
"2020","Prince Edward Island","2016A000211","Performing arts companies [7111]","Public sector","Dollars","81","thousands","3","v107579281","3.1.3","","x","","","1"
"2020","Prince Edward Island","2016A000211","Performing arts companies [7111]","Private sector","Dollars","81","thousands","3","v107579282","3.1.4","","x","","","1"
"2020","Prince Edward Island","2016A000211","Performing arts companies [7111]","Licensing of rights","Dollars","81","thousands","3","v107579283","3.1.5","0.0","","","","1"
"2020","Nova Scotia","2016A000212","Performing arts companies [7111]","Performance revenue","Dollars","81","thousands","3","v107579284","4.1.1","6378.5","","","","1"
"2020","Nova Scotia","2016A000212","Performing arts companies [7111]","Other sales","Dollars","81","thousands","3","v107579285","4.1.2","1101.0","","","","1"
"2020","Nova Scotia","2016A000212","Performing arts companies [7111]","Public sector","Dollars","81","thousands","3","v107579286","4.1.3","4855.3","","","","1"
"2020","Nova Scotia","2016A000212","Performing arts companies [7111]","Private sector","Dollars","81","thousands","3","v107579287","4.1.4","2953.3","","","","1"
"2020","Nova Scotia","2016A000212","Performing arts companies [7111]","Licensing of rights","Dollars","81","thousands","3","v107579288","4.1.5","0.0","","","","1"
"2020","New Brunswick","2016A000213","Performing arts companies [7111]","Performance revenue","Dollars","81","thousands","3","v107579289","5.1.1","","x","","","1"
"2020","New Brunswick","2016A000213","Performing arts companies [7111]","Other sales","Dollars","81","thousands","3","v107579290","5.1.2","","x","","","1"
"2020","New Brunswick","2016A000213","Performing arts companies [7111]","Public sector","Dollars","81","thousands","3","v107579291","5.1.3","","x","","","1"
"2020","New Brunswick","2016A000213","Performing arts companies [7111]","Private sector","Dollars","81","thousands","3","v107579292","5.1.4","","x","","","1"
"2020","New Brunswick","2016A000213","Performing arts companies [7111]","Licensing of rights","Dollars","81","thousands","3","v107579293","5.1.5","","x","","","1"
"2020","Quebec","2016A000224","Performing arts companies [7111]","Performance revenue","Dollars","81","thousands","3","v107579294","6.1.1","52641.5","","","","1"
"2020","Quebec","2016A000224","Performing arts companies [7111]","Other sales","Dollars","81","thousands","3","v107579295","6.1.2","13367.6","","","","1"
"2020","Quebec","2016A000224","Performing arts companies [7111]","Public sector","Dollars","81","thousands","3","v107579296","6.1.3","105732.2","","","","1"
"2020","Quebec","2016A000224","Performing arts companies [7111]","Private sector","Dollars","81","thousands","3","v107579297","6.1.4","30497.9","","","","1"
"2020","Quebec","2016A000224","Performing arts companies [7111]","Licensing of rights","Dollars","81","thousands","3","v107579298","6.1.5","1839.4","","","","1"
"2020","Ontario","2016A000235","Performing arts companies [7111]","Performance revenue","Dollars","81","thousands","3","v107579299","7.1.1","48061.6","","","","1"
"2020","Ontario","2016A000235","Performing arts companies [7111]","Other sales","Dollars","81","thousands","3","v107579300","7.1.2","11885.8","","","","1"
"2020","Ontario","2016A000235","Performing arts companies [7111]","Public sector","Dollars","81","thousands","3","v107579301","7.1.3","95958.3","","","","1"
"2020","Ontario","2016A000235","Performing arts companies [7111]","Private sector","Dollars","81","thousands","3","v107579302","7.1.4","93553.9","","","","1"
"2020","Ontario","2016A000235","Performing arts companies [7111]","Licensing of rights","Dollars","81","thousands","3","v107579303","7.1.5","529.3","","","","1"
"2020","Manitoba","2016A000246","Performing arts companies [7111]","Performance revenue","Dollars","81","thousands","3","v107579304","8.1.1","5818.4","","","","1"
"2020","Manitoba","2016A000246","Performing arts companies [7111]","Other sales","Dollars","81","thousands","3","v107579305","8.1.2","4700.3","","","","1"
"2020","Manitoba","2016A000246","Performing arts companies [7111]","Public sector","Dollars","81","thousands","3","v107579306","8.1.3","12758.2","","","","1"
"2020","Manitoba","2016A000246","Performing arts companies [7111]","Private sector","Dollars","81","thousands","3","v107579307","8.1.4","6285.1","","","","1"
"2020","Manitoba","2016A000246","Performing arts companies [7111]","Licensing of rights","Dollars","81","thousands","3","v107579308","8.1.5","","x","","","1"
"2020","Saskatchewan","2016A000247","Performing arts companies [7111]","Performance revenue","Dollars","81","thousands","3","v107579309","9.1.1","3988.2","","","","1"
"2020","Saskatchewan","2016A000247","Performing arts companies [7111]","Other sales","Dollars","81","thousands","3","v107579310","9.1.2","665.6","","","","1"
"2020","Saskatchewan","2016A000247","Performing arts companies [7111]","Public sector","Dollars","81","thousands","3","v107579311","9.1.3","7625.5","","","","1"
"2020","Saskatchewan","2016A000247","Performing arts companies [7111]","Private sector","Dollars","81","thousands","3","v107579312","9.1.4","5614.1","","","","1"
"2020","Saskatchewan","2016A000247","Performing arts companies [7111]","Licensing of rights","Dollars","81","thousands","3","v107579313","9.1.5","","x","","","1"
"2020","Alberta","2016A000248","Performing arts companies [7111]","Performance revenue","Dollars","81","thousands","3","v107579314","10.1.1","29614.9","","","","1"
"2020","Alberta","2016A000248","Performing arts companies [7111]","Other sales","Dollars","81","thousands","3","v107579315","10.1.2","10709.9","","","","1"
"2020","Alberta","2016A000248","Performing arts companies [7111]","Public sector","Dollars","81","thousands","3","v107579316","10.1.3","32155.3","","","","1"
"2020","Alberta","2016A000248","Performing arts companies [7111]","Private sector","Dollars","81","thousands","3","v107579317","10.1.4","30113.0","","","","1"
"2020","Alberta","2016A000248","Performing arts companies [7111]","Licensing of rights","Dollars","81","thousands","3","v107579318","10.1.5","36.1","","","","1"
"2020","British Columbia","2016A000259","Performing arts companies [7111]","Performance revenue","Dollars","81","thousands","3","v107579319","11.1.1","23641.6","","","","1"
"2020","British Columbia","2016A000259","Performing arts companies [7111]","Other sales","Dollars","81","thousands","3","v107579320","11.1.2","7050.0","","","","1"
"2020","British Columbia","2016A000259","Performing arts companies [7111]","Public sector","Dollars","81","thousands","3","v107579321","11.1.3","39246.9","","","","1"
"2020","British Columbia","2016A000259","Performing arts companies [7111]","Private sector","Dollars","81","thousands","3","v107579322","11.1.4","28502.3","","","","1"
"2020","British Columbia","2016A000259","Performing arts companies [7111]","Licensing of rights","Dollars","81","thousands","3","v107579323","11.1.5","90.4","","","","1"
"2020","Yukon","2016A000260","Performing arts companies [7111]","Performance revenue","Dollars","81","thousands","3","v107579324","12.1.1","","x","","","1"
"2020","Yukon","2016A000260","Performing arts companies [7111]","Other sales","Dollars","81","thousands","3","v107579325","12.1.2","","x","","","1"
"2020","Yukon","2016A000260","Performing arts companies [7111]","Public sector","Dollars","81","thousands","3","v107579326","12.1.3","573.5","","","","1"
"2020","Yukon","2016A000260","Performing arts companies [7111]","Private sector","Dollars","81","thousands","3","v107579327","12.1.4","32.3","","","","1"
"2020","Yukon","2016A000260","Performing arts companies [7111]","Licensing of rights","Dollars","81","thousands","3","v107579328","12.1.5","","x","","","1"
"2020","Northwest Territories","2016A000261","Performing arts companies [7111]","Performance revenue","Dollars","81","thousands","3","v107579329","13.1.1","","..","","","1"
"2020","Northwest Territories","2016A000261","Performing arts companies [7111]","Other sales","Dollars","81","thousands","3","v107579330","13.1.2","","..","","","1"
"2020","Northwest Territories","2016A000261","Performing arts companies [7111]","Public sector","Dollars","81","thousands","3","v107579331","13.1.3","","..","","","1"
"2020","Northwest Territories","2016A000261","Performing arts companies [7111]","Private sector","Dollars","81","thousands","3","v107579332","13.1.4","","..","","","1"
"2020","Northwest Territories","2016A000261","Performing arts companies [7111]","Licensing of rights","Dollars","81","thousands","3","v107579333","13.1.5","","..","","","1"
"2020","Nunavut","2016A000262","Performing arts companies [7111]","Performance revenue","Dollars","81","thousands","3","v107579334","14.1.1","0.0","","","","1"
"2020","Nunavut","2016A000262","Performing arts companies [7111]","Other sales","Dollars","81","thousands","3","v107579335","14.1.2","","x","","","1"
"2020","Nunavut","2016A000262","Performing arts companies [7111]","Public sector","Dollars","81","thousands","3","v107579336","14.1.3","","x","","","1"
"2020","Nunavut","2016A000262","Performing arts companies [7111]","Private sector","Dollars","81","thousands","3","v107579337","14.1.4","0.0","","","","1"
"2020","Nunavut","2016A000262","Performing arts companies [7111]","Licensing of rights","Dollars","81","thousands","3","v107579338","14.1.5","0.0","","","","1"
"2022","Canada","2016A000011124","Performing arts companies [7111]","Performance revenue","Dollars","81","thousands","3","v107579244","1.1.1","195234.1","","","","1"
"2022","Canada","2016A000011124","Performing arts companies [7111]","Other sales","Dollars","81","thousands","3","v107579245","1.1.2","57568.6","","","","1"
"2022","Canada","2016A000011124","Performing arts companies [7111]","Public sector","Dollars","81","thousands","3","v107579246","1.1.3","397767.6","","","","1"
"2022","Canada","2016A000011124","Performing arts companies [7111]","Private sector","Dollars","81","thousands","3","v107579247","1.1.4","213912.3","","","","1"
"2022","Canada","2016A000011124","Performing arts companies [7111]","Licensing of rights","Dollars","81","thousands","3","v107579248","1.1.5","3173.7","","","","1"
"2022","Canada","2016A000011124","Theatre (except musical) companies [711111]","Performance revenue","Dollars","81","thousands","3","v107579249","1.2.1","102209.9","","","","1"
"2022","Canada","2016A000011124","Theatre (except musical) companies [711111]","Other sales","Dollars","81","thousands","3","v107579250","1.2.2","30007.7","","","","1"
"2022","Canada","2016A000011124","Theatre (except musical) companies [711111]","Public sector","Dollars","81","thousands","3","v107579251","1.2.3","198391.5","","","","1"
"2022","Canada","2016A000011124","Theatre (except musical) companies [711111]","Private sector","Dollars","81","thousands","3","v107579252","1.2.4","85773.7","","","","1"
"2022","Canada","2016A000011124","Theatre (except musical) companies [711111]","Licensing of rights","Dollars","81","thousands","3","v107579253","1.2.5","2134.2","","","","1"
"2022","Canada","2016A000011124","Musical theatre and opera companies [711112]","Performance revenue","Dollars","81","thousands","3","v107579254","1.3.1","19727.6","","","","1"
"2022","Canada","2016A000011124","Musical theatre and opera companies [711112]","Other sales","Dollars","81","thousands","3","v107579255","1.3.2","4190.5","","","","1"
"2022","Canada","2016A000011124","Musical theatre and opera companies [711112]","Public sector","Dollars","81","thousands","3","v107579256","1.3.3","29070.1","","","","1"
"2022","Canada","2016A000011124","Musical theatre and opera companies [711112]","Private sector","Dollars","81","thousands","3","v107579257","1.3.4","31312.4","","","","1"
"2022","Canada","2016A000011124","Musical theatre and opera companies [711112]","Licensing of rights","Dollars","81","thousands","3","v107579258","1.3.5","259.9","","","","1"
"2022","Canada","2016A000011124","Dance companies [711120]","Performance revenue","Dollars","81","thousands","3","v107579259","1.4.1","28633.6","","","","1"
"2022","Canada","2016A000011124","Dance companies [711120]","Other sales","Dollars","81","thousands","3","v107579260","1.4.2","13363.6","","","","1"
"2022","Canada","2016A000011124","Dance companies [711120]","Public sector","Dollars","81","thousands","3","v107579261","1.4.3","59053.5","","","","1"
"2022","Canada","2016A000011124","Dance companies [711120]","Private sector","Dollars","81","thousands","3","v107579262","1.4.4","32273.4","","","","1"
"2022","Canada","2016A000011124","Dance companies [711120]","Licensing of rights","Dollars","81","thousands","3","v107579263","1.4.5","218.7","","","","1"
"2022","Canada","2016A000011124","Musical groups and artists [711130]","Performance revenue","Dollars","81","thousands","3","v107579264","1.5.1","41708.3","","","","1"
"2022","Canada","2016A000011124","Musical groups and artists [711130]","Other sales","Dollars","81","thousands","3","v107579265","1.5.2","5979.8","","","","1"
"2022","Canada","2016A000011124","Musical groups and artists [711130]","Public sector","Dollars","81","thousands","3","v107579266","1.5.3","98873.9","","","","1"
"2022","Canada","2016A000011124","Musical groups and artists [711130]","Private sector","Dollars","81","thousands","3","v107579267","1.5.4","62690.6","","","","1"
"2022","Canada","2016A000011124","Musical groups and artists [711130]","Licensing of rights","Dollars","81","thousands","3","v107579268","1.5.5","169.3","","","","1"
"2022","Canada","2016A000011124","Other performing arts companies [711190]","Performance revenue","Dollars","81","thousands","3","v107579269","1.6.1","2954.7","","","","1"
"2022","Canada","2016A000011124","Other performing arts companies [711190]","Other sales","Dollars","81","thousands","3","v107579270","1.6.2","4027.0","","","","1"
"2022","Canada","2016A000011124","Other performing arts companies [711190]","Public sector","Dollars","81","thousands","3","v107579271","1.6.3","12378.7","","","","1"
"2022","Canada","2016A000011124","Other performing arts companies [711190]","Private sector","Dollars","81","thousands","3","v107579272","1.6.4","1862.2","","","","1"
"2022","Canada","2016A000011124","Other performing arts companies [711190]","Licensing of rights","Dollars","81","thousands","3","v107579273","1.6.5","391.5","","","","1"
"2022","Newfoundland and Labrador","2016A000210","Performing arts companies [7111]","Performance revenue","Dollars","81","thousands","3","v107579274","2.1.1","1210.9","","","","1"
"2022","Newfoundland and Labrador","2016A000210","Performing arts companies [7111]","Other sales","Dollars","81","thousands","3","v107579275","2.1.2","480.6","","","","1"
"2022","Newfoundland and Labrador","2016A000210","Performing arts companies [7111]","Public sector","Dollars","81","thousands","3","v107579276","2.1.3","5985.2","","","","1"
"2022","Newfoundland and Labrador","2016A000210","Performing arts companies [7111]","Private sector","Dollars","81","thousands","3","v107579277","2.1.4","1517.3","","","","1"
"2022","Newfoundland and Labrador","2016A000210","Performing arts companies [7111]","Licensing of rights","Dollars","81","thousands","3","v107579278","2.1.5","","x","","","1"
"2022","Prince Edward Island","2016A000211","Performing arts companies [7111]","Performance revenue","Dollars","81","thousands","3","v107579279","3.1.1","","x","","","1"
"2022","Prince Edward Island","2016A000211","Performing arts companies [7111]","Other sales","Dollars","81","thousands","3","v107579280","3.1.2","","x","","","1"
"2022","Prince Edward Island","2016A000211","Performing arts companies [7111]","Public sector","Dollars","81","thousands","3","v107579281","3.1.3","","x","","","1"
"2022","Prince Edward Island","2016A000211","Performing arts companies [7111]","Private sector","Dollars","81","thousands","3","v107579282","3.1.4","","x","","","1"
"2022","Prince Edward Island","2016A000211","Performing arts companies [7111]","Licensing of rights","Dollars","81","thousands","3","v107579283","3.1.5","","x","","","1"
"2022","Nova Scotia","2016A000212","Performing arts companies [7111]","Performance revenue","Dollars","81","thousands","3","v107579284","4.1.1","2838.5","","","","1"
"2022","Nova Scotia","2016A000212","Performing arts companies [7111]","Other sales","Dollars","81","thousands","3","v107579285","4.1.2","797.4","","","","1"
"2022","Nova Scotia","2016A000212","Performing arts companies [7111]","Public sector","Dollars","81","thousands","3","v107579286","4.1.3","6035.0","","","","1"
"2022","Nova Scotia","2016A000212","Performing arts companies [7111]","Private sector","Dollars","81","thousands","3","v107579287","4.1.4","3091.7","","","","1"
"2022","Nova Scotia","2016A000212","Performing arts companies [7111]","Licensing of rights","Dollars","81","thousands","3","v107579288","4.1.5","","x","","","1"
"2022","New Brunswick","2016A000213","Performing arts companies [7111]","Performance revenue","Dollars","81","thousands","3","v107579289","5.1.1","","x","","","1"
"2022","New Brunswick","2016A000213","Performing arts companies [7111]","Other sales","Dollars","81","thousands","3","v107579290","5.1.2","","x","","","1"
"2022","New Brunswick","2016A000213","Performing arts companies [7111]","Public sector","Dollars","81","thousands","3","v107579291","5.1.3","4672.8","","","","1"
"2022","New Brunswick","2016A000213","Performing arts companies [7111]","Private sector","Dollars","81","thousands","3","v107579292","5.1.4","1272.8","","","","1"
"2022","New Brunswick","2016A000213","Performing arts companies [7111]","Licensing of rights","Dollars","81","thousands","3","v107579293","5.1.5","0.5","","","","1"
"2022","Quebec","2016A000224","Performing arts companies [7111]","Performance revenue","Dollars","81","thousands","3","v107579294","6.1.1","48886.8","","","","1"
"2022","Quebec","2016A000224","Performing arts companies [7111]","Other sales","Dollars","81","thousands","3","v107579295","6.1.2","13595.2","","","","1"
"2022","Quebec","2016A000224","Performing arts companies [7111]","Public sector","Dollars","81","thousands","3","v107579296","6.1.3","136214.7","","","","1"
"2022","Quebec","2016A000224","Performing arts companies [7111]","Private sector","Dollars","81","thousands","3","v107579297","6.1.4","34420.4","","","","1"
"2022","Quebec","2016A000224","Performing arts companies [7111]","Licensing of rights","Dollars","81","thousands","3","v107579298","6.1.5","2149.3","","","","1"
"2022","Ontario","2016A000235","Performing arts companies [7111]","Performance revenue","Dollars","81","thousands","3","v107579299","7.1.1","79848.0","","","","1"
"2022","Ontario","2016A000235","Performing arts companies [7111]","Other sales","Dollars","81","thousands","3","v107579300","7.1.2","18991.9","","","","1"
"2022","Ontario","2016A000235","Performing arts companies [7111]","Public sector","Dollars","81","thousands","3","v107579301","7.1.3","120186.4","","","","1"
"2022","Ontario","2016A000235","Performing arts companies [7111]","Private sector","Dollars","81","thousands","3","v107579302","7.1.4","113563.8","","","","1"
"2022","Ontario","2016A000235","Performing arts companies [7111]","Licensing of rights","Dollars","81","thousands","3","v107579303","7.1.5","512.1","","","","1"
"2022","Manitoba","2016A000246","Performing arts companies [7111]","Performance revenue","Dollars","81","thousands","3","v107579304","8.1.1","5726.7","","","","1"
"2022","Manitoba","2016A000246","Performing arts companies [7111]","Other sales","Dollars","81","thousands","3","v107579305","8.1.2","4376.1","","","","1"
"2022","Manitoba","2016A000246","Performing arts companies [7111]","Public sector","Dollars","81","thousands","3","v107579306","8.1.3","16424.4","","","","1"
"2022","Manitoba","2016A000246","Performing arts companies [7111]","Private sector","Dollars","81","thousands","3","v107579307","8.1.4","8009.0","","","","1"
"2022","Manitoba","2016A000246","Performing arts companies [7111]","Licensing of rights","Dollars","81","thousands","3","v107579308","8.1.5","","x","","","1"
"2022","Saskatchewan","2016A000247","Performing arts companies [7111]","Performance revenue","Dollars","81","thousands","3","v107579309","9.1.1","1766.5","","","","1"
"2022","Saskatchewan","2016A000247","Performing arts companies [7111]","Other sales","Dollars","81","thousands","3","v107579310","9.1.2","1016.5","","","","1"
"2022","Saskatchewan","2016A000247","Performing arts companies [7111]","Public sector","Dollars","81","thousands","3","v107579311","9.1.3","14256.0","","","","1"
"2022","Saskatchewan","2016A000247","Performing arts companies [7111]","Private sector","Dollars","81","thousands","3","v107579312","9.1.4","4018.6","","","","1"
"2022","Saskatchewan","2016A000247","Performing arts companies [7111]","Licensing of rights","Dollars","81","thousands","3","v107579313","9.1.5","","x","","","1"
"2022","Alberta","2016A000248","Performing arts companies [7111]","Performance revenue","Dollars","81","thousands","3","v107579314","10.1.1","24200.8","","","","1"
"2022","Alberta","2016A000248","Performing arts companies [7111]","Other sales","Dollars","81","thousands","3","v107579315","10.1.2","10744.2","","","","1"
"2022","Alberta","2016A000248","Performing arts companies [7111]","Public sector","Dollars","81","thousands","3","v107579316","10.1.3","40112.5","","","","1"
"2022","Alberta","2016A000248","Performing arts companies [7111]","Private sector","Dollars","81","thousands","3","v107579317","10.1.4","21734.8","","","","1"
"2022","Alberta","2016A000248","Performing arts companies [7111]","Licensing of rights","Dollars","81","thousands","3","v107579318","10.1.5","15.7","","","","1"
"2022","British Columbia","2016A000259","Performing arts companies [7111]","Performance revenue","Dollars","81","thousands","3","v107579319","11.1.1","29786.1","","","","1"
"2022","British Columbia","2016A000259","Performing arts companies [7111]","Other sales","Dollars","81","thousands","3","v107579320","11.1.2","7125.3","","","","1"
"2022","British Columbia","2016A000259","Performing arts companies [7111]","Public sector","Dollars","81","thousands","3","v107579321","11.1.3","52767.4","","","","1"
"2022","British Columbia","2016A000259","Performing arts companies [7111]","Private sector","Dollars","81","thousands","3","v107579322","11.1.4","25800.6","","","","1"
"2022","British Columbia","2016A000259","Performing arts companies [7111]","Licensing of rights","Dollars","81","thousands","3","v107579323","11.1.5","392.7","","","","1"
"2022","Yukon","2016A000260","Performing arts companies [7111]","Performance revenue","Dollars","81","thousands","3","v107579324","12.1.1","","x","","","1"
"2022","Yukon","2016A000260","Performing arts companies [7111]","Other sales","Dollars","81","thousands","3","v107579325","12.1.2","0.0","","","","1"
"2022","Yukon","2016A000260","Performing arts companies [7111]","Public sector","Dollars","81","thousands","3","v107579326","12.1.3","","x","","","1"
"2022","Yukon","2016A000260","Performing arts companies [7111]","Private sector","Dollars","81","thousands","3","v107579327","12.1.4","","x","","","1"
"2022","Yukon","2016A000260","Performing arts companies [7111]","Licensing of rights","Dollars","81","thousands","3","v107579328","12.1.5","0.0","","","","1"
"2022","Northwest Territories","2016A000261","Performing arts companies [7111]","Performance revenue","Dollars","81","thousands","3","v107579329","13.1.1","","..","","","1"
"2022","Northwest Territories","2016A000261","Performing arts companies [7111]","Other sales","Dollars","81","thousands","3","v107579330","13.1.2","","..","","","1"
"2022","Northwest Territories","2016A000261","Performing arts companies [7111]","Public sector","Dollars","81","thousands","3","v107579331","13.1.3","","..","","","1"
"2022","Northwest Territories","2016A000261","Performing arts companies [7111]","Private sector","Dollars","81","thousands","3","v107579332","13.1.4","","..","","","1"
"2022","Northwest Territories","2016A000261","Performing arts companies [7111]","Licensing of rights","Dollars","81","thousands","3","v107579333","13.1.5","","..","","","1"
"2022","Nunavut","2016A000262","Performing arts companies [7111]","Performance revenue","Dollars","81","thousands","3","v107579334","14.1.1","","..","","","1"
"2022","Nunavut","2016A000262","Performing arts companies [7111]","Other sales","Dollars","81","thousands","3","v107579335","14.1.2","","..","","","1"
"2022","Nunavut","2016A000262","Performing arts companies [7111]","Public sector","Dollars","81","thousands","3","v107579336","14.1.3","","..","","","1"
"2022","Nunavut","2016A000262","Performing arts companies [7111]","Private sector","Dollars","81","thousands","3","v107579337","14.1.4","","..","","","1"
"2022","Nunavut","2016A000262","Performing arts companies [7111]","Licensing of rights","Dollars","81","thousands","3","v107579338","14.1.5","","..","","","1"
"2024","Canada","2016A000011124","Performing arts companies [7111]","Performance revenue","Dollars","81","thousands","3","v107579244","1.1.1","336757.3","","","","1"
"2024","Canada","2016A000011124","Performing arts companies [7111]","Other sales","Dollars","81","thousands","3","v107579245","1.1.2","82771.7","","","","1"
"2024","Canada","2016A000011124","Performing arts companies [7111]","Public sector","Dollars","81","thousands","3","v107579246","1.1.3","326264.0","","","","1"
"2024","Canada","2016A000011124","Performing arts companies [7111]","Private sector","Dollars","81","thousands","3","v107579247","1.1.4","264464.3","","","","1"
"2024","Canada","2016A000011124","Performing arts companies [7111]","Licensing of rights","Dollars","81","thousands","3","v107579248","1.1.5","3539.1","","","","1"
"2024","Canada","2016A000011124","Theatre (except musical) companies [711111]","Performance revenue","Dollars","81","thousands","3","v107579249","1.2.1","176996.9","","","","1"
"2024","Canada","2016A000011124","Theatre (except musical) companies [711111]","Other sales","Dollars","81","thousands","3","v107579250","1.2.2","41636.9","","","","1"
"2024","Canada","2016A000011124","Theatre (except musical) companies [711111]","Public sector","Dollars","81","thousands","3","v107579251","1.2.3","160447.2","","","","1"
"2024","Canada","2016A000011124","Theatre (except musical) companies [711111]","Private sector","Dollars","81","thousands","3","v107579252","1.2.4","110701.3","","","","1"
"2024","Canada","2016A000011124","Theatre (except musical) companies [711111]","Licensing of rights","Dollars","81","thousands","3","v107579253","1.2.5","2211.9","","","","1"
"2024","Canada","2016A000011124","Musical theatre and opera companies [711112]","Performance revenue","Dollars","81","thousands","3","v107579254","1.3.1","35455.2","","","","1"
"2024","Canada","2016A000011124","Musical theatre and opera companies [711112]","Other sales","Dollars","81","thousands","3","v107579255","1.3.2","8576.5","","","","1"
"2024","Canada","2016A000011124","Musical theatre and opera companies [711112]","Public sector","Dollars","81","thousands","3","v107579256","1.3.3","31700.8","","","","1"
"2024","Canada","2016A000011124","Musical theatre and opera companies [711112]","Private sector","Dollars","81","thousands","3","v107579257","1.3.4","36218.2","","","","1"
"2024","Canada","2016A000011124","Musical theatre and opera companies [711112]","Licensing of rights","Dollars","81","thousands","3","v107579258","1.3.5","316.0","","","","1"
"2024","Canada","2016A000011124","Dance companies [711120]","Performance revenue","Dollars","81","thousands","3","v107579259","1.4.1","45086.6","","","","1"
"2024","Canada","2016A000011124","Dance companies [711120]","Other sales","Dollars","81","thousands","3","v107579260","1.4.2","18465.1","","","","1"
"2024","Canada","2016A000011124","Dance companies [711120]","Public sector","Dollars","81","thousands","3","v107579261","1.4.3","44379.2","","","","1"
"2024","Canada","2016A000011124","Dance companies [711120]","Private sector","Dollars","81","thousands","3","v107579262","1.4.4","35396.9","","","","1"
"2024","Canada","2016A000011124","Dance companies [711120]","Licensing of rights","Dollars","81","thousands","3","v107579263","1.4.5","328.4","","","","1"
"2024","Canada","2016A000011124","Musical groups and artists [711130]","Performance revenue","Dollars","81","thousands","3","v107579264","1.5.1","74032.3","","","","1"
"2024","Canada","2016A000011124","Musical groups and artists [711130]","Other sales","Dollars","81","thousands","3","v107579265","1.5.2","9873.1","","","","1"
"2024","Canada","2016A000011124","Musical groups and artists [711130]","Public sector","Dollars","81","thousands","3","v107579266","1.5.3","78189.1","","","","1"
"2024","Canada","2016A000011124","Musical groups and artists [711130]","Private sector","Dollars","81","thousands","3","v107579267","1.5.4","80396.2","","","","1"
"2024","Canada","2016A000011124","Musical groups and artists [711130]","Licensing of rights","Dollars","81","thousands","3","v107579268","1.5.5","325.4","","","","1"
"2024","Canada","2016A000011124","Other performing arts companies [711190]","Performance revenue","Dollars","81","thousands","3","v107579269","1.6.1","5186.4","","","","1"
"2024","Canada","2016A000011124","Other performing arts companies [711190]","Other sales","Dollars","81","thousands","3","v107579270","1.6.2","4220.2","","","","1"
"2024","Canada","2016A000011124","Other performing arts companies [711190]","Public sector","Dollars","81","thousands","3","v107579271","1.6.3","11547.7","","","","1"
"2024","Canada","2016A000011124","Other performing arts companies [711190]","Private sector","Dollars","81","thousands","3","v107579272","1.6.4","1751.7","","","","1"
"2024","Canada","2016A000011124","Other performing arts companies [711190]","Licensing of rights","Dollars","81","thousands","3","v107579273","1.6.5","357.5","","","","1"
"2024","Newfoundland and Labrador","2016A000210","Performing arts companies [7111]","Performance revenue","Dollars","81","thousands","3","v107579274","2.1.1","2023.4","","","","1"
"2024","Newfoundland and Labrador","2016A000210","Performing arts companies [7111]","Other sales","Dollars","81","thousands","3","v107579275","2.1.2","620.2","","","","1"
"2024","Newfoundland and Labrador","2016A000210","Performing arts companies [7111]","Public sector","Dollars","81","thousands","3","v107579276","2.1.3","5055.8","","","","1"
"2024","Newfoundland and Labrador","2016A000210","Performing arts companies [7111]","Private sector","Dollars","81","thousands","3","v107579277","2.1.4","1735.7","","","","1"
"2024","Newfoundland and Labrador","2016A000210","Performing arts companies [7111]","Licensing of rights","Dollars","81","thousands","3","v107579278","2.1.5","","x","","","1"
"2024","Prince Edward Island","2016A000211","Performing arts companies [7111]","Performance revenue","Dollars","81","thousands","3","v107579279","3.1.1","","x","","","1"
"2024","Prince Edward Island","2016A000211","Performing arts companies [7111]","Other sales","Dollars","81","thousands","3","v107579280","3.1.2","62.5","","","","1"
"2024","Prince Edward Island","2016A000211","Performing arts companies [7111]","Public sector","Dollars","81","thousands","3","v107579281","3.1.3","","x","","","1"
"2024","Prince Edward Island","2016A000211","Performing arts companies [7111]","Private sector","Dollars","81","thousands","3","v107579282","3.1.4","","x","","","1"
"2024","Prince Edward Island","2016A000211","Performing arts companies [7111]","Licensing of rights","Dollars","81","thousands","3","v107579283","3.1.5","","x","","","1"
"2024","Nova Scotia","2016A000212","Performing arts companies [7111]","Performance revenue","Dollars","81","thousands","3","v107579284","4.1.1","9844.5","","","","1"
"2024","Nova Scotia","2016A000212","Performing arts companies [7111]","Other sales","Dollars","81","thousands","3","v107579285","4.1.2","1626.4","","","","1"
"2024","Nova Scotia","2016A000212","Performing arts companies [7111]","Public sector","Dollars","81","thousands","3","v107579286","4.1.3","5417.6","","","","1"
"2024","Nova Scotia","2016A000212","Performing arts companies [7111]","Private sector","Dollars","81","thousands","3","v107579287","4.1.4","3492.5","","","","1"
"2024","Nova Scotia","2016A000212","Performing arts companies [7111]","Licensing of rights","Dollars","81","thousands","3","v107579288","4.1.5","","x","","","1"
"2024","New Brunswick","2016A000213","Performing arts companies [7111]","Performance revenue","Dollars","81","thousands","3","v107579289","5.1.1","811.6","","","","1"
"2024","New Brunswick","2016A000213","Performing arts companies [7111]","Other sales","Dollars","81","thousands","3","v107579290","5.1.2","","x","","","1"
"2024","New Brunswick","2016A000213","Performing arts companies [7111]","Public sector","Dollars","81","thousands","3","v107579291","5.1.3","4802.8","","","","1"
"2024","New Brunswick","2016A000213","Performing arts companies [7111]","Private sector","Dollars","81","thousands","3","v107579292","5.1.4","1250.3","","","","1"
"2024","New Brunswick","2016A000213","Performing arts companies [7111]","Licensing of rights","Dollars","81","thousands","3","v107579293","5.1.5","","x","","","1"
"2024","Quebec","2016A000224","Performing arts companies [7111]","Performance revenue","Dollars","81","thousands","3","v107579294","6.1.1","76671.8","","","","1"
"2024","Quebec","2016A000224","Performing arts companies [7111]","Other sales","Dollars","81","thousands","3","v107579295","6.1.2","17404.4","","","","1"
"2024","Quebec","2016A000224","Performing arts companies [7111]","Public sector","Dollars","81","thousands","3","v107579296","6.1.3","114068.9","","","","1"
"2024","Quebec","2016A000224","Performing arts companies [7111]","Private sector","Dollars","81","thousands","3","v107579297","6.1.4","50010.0","","","","1"
"2024","Quebec","2016A000224","Performing arts companies [7111]","Licensing of rights","Dollars","81","thousands","3","v107579298","6.1.5","1701.4","","","","1"
"2024","Ontario","2016A000235","Performing arts companies [7111]","Performance revenue","Dollars","81","thousands","3","v107579299","7.1.1","138598.4","","","","1"
"2024","Ontario","2016A000235","Performing arts companies [7111]","Other sales","Dollars","81","thousands","3","v107579300","7.1.2","31367.1","","","","1"
"2024","Ontario","2016A000235","Performing arts companies [7111]","Public sector","Dollars","81","thousands","3","v107579301","7.1.3","96606.2","","","","1"
"2024","Ontario","2016A000235","Performing arts companies [7111]","Private sector","Dollars","81","thousands","3","v107579302","7.1.4","130947.4","","","","1"
"2024","Ontario","2016A000235","Performing arts companies [7111]","Licensing of rights","Dollars","81","thousands","3","v107579303","7.1.5","1044.8","","","","1"
"2024","Manitoba","2016A000246","Performing arts companies [7111]","Performance revenue","Dollars","81","thousands","3","v107579304","8.1.1","11843.7","","","","1"
"2024","Manitoba","2016A000246","Performing arts companies [7111]","Other sales","Dollars","81","thousands","3","v107579305","8.1.2","5156.4","","","","1"
"2024","Manitoba","2016A000246","Performing arts companies [7111]","Public sector","Dollars","81","thousands","3","v107579306","8.1.3","11208.3","","","","1"
"2024","Manitoba","2016A000246","Performing arts companies [7111]","Private sector","Dollars","81","thousands","3","v107579307","8.1.4","10262.8","","","","1"
"2024","Manitoba","2016A000246","Performing arts companies [7111]","Licensing of rights","Dollars","81","thousands","3","v107579308","8.1.5","","x","","","1"
"2024","Saskatchewan","2016A000247","Performing arts companies [7111]","Performance revenue","Dollars","81","thousands","3","v107579309","9.1.1","","x","","","1"
"2024","Saskatchewan","2016A000247","Performing arts companies [7111]","Other sales","Dollars","81","thousands","3","v107579310","9.1.2","","x","","","1"
"2024","Saskatchewan","2016A000247","Performing arts companies [7111]","Public sector","Dollars","81","thousands","3","v107579311","9.1.3","13000.5","","","","1"
"2024","Saskatchewan","2016A000247","Performing arts companies [7111]","Private sector","Dollars","81","thousands","3","v107579312","9.1.4","4607.8","","","","1"
"2024","Saskatchewan","2016A000247","Performing arts companies [7111]","Licensing of rights","Dollars","81","thousands","3","v107579313","9.1.5","","x","","","1"
"2024","Alberta","2016A000248","Performing arts companies [7111]","Performance revenue","Dollars","81","thousands","3","v107579314","10.1.1","39393.6","","","","1"
"2024","Alberta","2016A000248","Performing arts companies [7111]","Other sales","Dollars","81","thousands","3","v107579315","10.1.2","15060.4","","","","1"
"2024","Alberta","2016A000248","Performing arts companies [7111]","Public sector","Dollars","81","thousands","3","v107579316","10.1.3","32941.0","","","","1"
"2024","Alberta","2016A000248","Performing arts companies [7111]","Private sector","Dollars","81","thousands","3","v107579317","10.1.4","26563.8","","","","1"
"2024","Alberta","2016A000248","Performing arts companies [7111]","Licensing of rights","Dollars","81","thousands","3","v107579318","10.1.5","58.3","","","","1"
"2024","British Columbia","2016A000259","Performing arts companies [7111]","Performance revenue","Dollars","81","thousands","3","v107579319","11.1.1","53502.9","","","","1"
"2024","British Columbia","2016A000259","Performing arts companies [7111]","Other sales","Dollars","81","thousands","3","v107579320","11.1.2","8812.5","","","","1"
"2024","British Columbia","2016A000259","Performing arts companies [7111]","Public sector","Dollars","81","thousands","3","v107579321","11.1.3","42236.4","","","","1"
"2024","British Columbia","2016A000259","Performing arts companies [7111]","Private sector","Dollars","81","thousands","3","v107579322","11.1.4","35021.7","","","","1"
"2024","British Columbia","2016A000259","Performing arts companies [7111]","Licensing of rights","Dollars","81","thousands","3","v107579323","11.1.5","723.8","","","","1"
"2024","Yukon","2016A000260","Performing arts companies [7111]","Performance revenue","Dollars","81","thousands","3","v107579324","12.1.1","","x","","","1"
"2024","Yukon","2016A000260","Performing arts companies [7111]","Other sales","Dollars","81","thousands","3","v107579325","12.1.2","0.0","","","","1"
"2024","Yukon","2016A000260","Performing arts companies [7111]","Public sector","Dollars","81","thousands","3","v107579326","12.1.3","","x","","","1"
"2024","Yukon","2016A000260","Performing arts companies [7111]","Private sector","Dollars","81","thousands","3","v107579327","12.1.4","","x","","","1"
"2024","Yukon","2016A000260","Performing arts companies [7111]","Licensing of rights","Dollars","81","thousands","3","v107579328","12.1.5","0.0","","","","1"
"2024","Northwest Territories","2016A000261","Performing arts companies [7111]","Performance revenue","Dollars","81","thousands","3","v107579329","13.1.1","","..","","","1"
"2024","Northwest Territories","2016A000261","Performing arts companies [7111]","Other sales","Dollars","81","thousands","3","v107579330","13.1.2","","..","","","1"
"2024","Northwest Territories","2016A000261","Performing arts companies [7111]","Public sector","Dollars","81","thousands","3","v107579331","13.1.3","","..","","","1"
"2024","Northwest Territories","2016A000261","Performing arts companies [7111]","Private sector","Dollars","81","thousands","3","v107579332","13.1.4","","..","","","1"
"2024","Northwest Territories","2016A000261","Performing arts companies [7111]","Licensing of rights","Dollars","81","thousands","3","v107579333","13.1.5","","..","","","1"
"2024","Nunavut","2016A000262","Performing arts companies [7111]","Performance revenue","Dollars","81","thousands","3","v107579334","14.1.1","","..","","","1"
"2024","Nunavut","2016A000262","Performing arts companies [7111]","Other sales","Dollars","81","thousands","3","v107579335","14.1.2","","..","","","1"
"2024","Nunavut","2016A000262","Performing arts companies [7111]","Public sector","Dollars","81","thousands","3","v107579336","14.1.3","","..","","","1"
"2024","Nunavut","2016A000262","Performing arts companies [7111]","Private sector","Dollars","81","thousands","3","v107579337","14.1.4","","..","","","1"
"2024","Nunavut","2016A000262","Performing arts companies [7111]","Licensing of rights","Dollars","81","thousands","3","v107579338","14.1.5","","..","","","1"
